User_ID,Age,Monthly_Income,Fixed_Expenses,Variable_Expenses,Savings_Rate,Disposable_Income,Total_Savings,Stocks,Mutual_Funds,Bonds,Real_Estate,Fixed_Deposits,Other_Investments,Debt,Monthly_Debt_Payment,Insurance,Short_Term_Goals,Medium_Term_Goals,Long_Term_Goals,Risk_Tolerance,Investment_Horizon,Transaction_History,Cluster index
1,33,128957,41159,16095,6.96335038,67525,254462,166921,494294,167953,962836,261366,73970,256142,9169,267055,271064,905091,4228351,Low,15,45,3
2,23,43250,26137,29316,14.10152418,92959,448116,470561,235803,155158,572471,101747,67320,116600,17836,23721,228735,903266,3323197,Medium,3,2,1
3,47,147399,23174,12021,16.62223795,65236,778119,5776,122785,292285,877338,103015,122103,184648,22584,698622,152409,752095,1516907,High,8,79,0
4,21,123934,35007,8275,16.88865332,93791,666278,224085,468491,36932,256336,144504,111009,146694,9538,615940,260040,957620,4365170,Medium,15,66,3
5,23,99169,46460,22493,16.57253985,45764,544775,49260,191134,188938,968045,255564,125790,10083,20277,193304,184361,681235,2440980,High,30,39,2
6,62,142687,47341,6804,19.82255348,41616,353724,31679,239071,144921,497551,173350,157247,167345,26600,327178,328915,627074,3690385,Medium,25,51,1
7,50,100727,27001,20980,28.51042167,97195,180963,327942,192879,69845,789451,92085,178678,265261,2526,122733,178985,889176,3585436,High,28,98,1
8,35,107410,9758,9143,17.42013879,132340,421239,14818,336041,12508,394421,279507,164657,297875,8112,120800,369300,802331,2157614,Low,23,52,2
9,26,187585,28193,13242,22.27779507,31229,846319,430348,55260,58656,300481,148178,160030,52853,1788,378478,375757,653590,2810734,Medium,23,54,2
10,40,128973,27307,15862,18.8133064,81831,595907,454468,263190,299872,59283,272685,16738,32144,20673,54891,179636,811333,2804452,Low,1,14,2
11,40,196600,46317,9428,6.532926714,82370,282582,223043,124003,191439,310083,206344,80155,190940,2123,324581,419800,836627,2106116,High,21,24,2
12,47,178697,20812,15437,18.91128063,36843,267270,357789,498231,165104,797079,244738,16355,136474,26638,198327,472066,670105,3777573,Medium,12,33,1
13,67,138681,16303,12937,23.97903376,16726,815545,73602,31292,81928,452805,214283,66953,131667,11803,320290,425344,942539,3374869,Medium,28,79,1
14,21,100112,41877,28039,7.012641752,116638,700108,368147,168065,135242,466910,279227,182955,227694,4474,160522,280205,760370,1794757,Medium,4,36,0
15,53,53194,16168,27390,9.23666712,98070,199525,155947,63772,51709,722658,204264,104736,200630,15406,736111,346324,727092,1106393,Low,2,23,0
16,54,152140,20978,19718,8.454371262,50842,625313,5483,107154,62625,554609,291871,28884,278539,8386,953366,442498,859336,3720601,Medium,18,46,1
17,45,56617,14704,3809,17.37131705,93435,553600,153169,137988,29091,894144,13403,161794,54789,3509,81406,423247,977942,4435361,Medium,27,81,3
18,59,53409,39013,12502,28.57434605,17609,178554,16601,30151,270284,879795,92913,4490,165586,7552,885323,367798,874333,3172075,High,11,35,1
19,37,105654,31984,15383,27.7817753,51361,488619,136462,286876,266764,356494,117664,71235,74359,28182,751885,273843,692328,3854504,High,24,34,1
20,33,98546,46072,4439,8.561815668,61763,583865,388934,103918,163123,233271,118064,27199,159804,15691,108982,492679,662937,2249980,Low,28,28,2
21,47,75526,11307,18283,25.08730513,67008,120618,71581,56073,89808,366469,188390,199309,255695,21896,181594,262583,879262,2969419,Medium,8,21,1
22,64,69653,20801,14068,9.188042746,67508,699226,192875,112758,197151,290836,73776,155650,190375,13450,531924,470174,611825,4265898,Medium,16,29,3
23,25,114495,23317,12442,20.99200207,15247,981426,200359,296485,3819,879474,63327,33125,97849,21669,598596,412263,805898,2728482,High,3,8,2
24,56,31451,5143,6893,12.50758846,137948,149613,92816,203901,120436,664032,97010,117241,213224,8217,703923,450579,526659,3554394,Low,20,5,1
25,52,25576,29317,4298,9.121701482,130581,954114,331129,376314,203490,936679,30656,84112,165959,10632,295151,397597,903854,2943337,Low,4,72,1
26,31,124370,13988,11183,26.88198081,54890,121676,432661,475290,146352,846942,82996,132609,134173,4066,270515,224223,775200,3857062,High,20,97,1
27,62,77689,24834,8962,27.99016487,145860,631142,350529,371472,76527,91384,270279,93215,276286,14635,37861,169586,671491,1240990,Low,9,76,0
28,23,107985,39493,14179,23.30623753,17025,990345,187262,53845,254222,776873,194424,166847,153267,14247,285080,499115,797011,1437958,Low,7,36,0
29,33,155428,14665,10563,26.03486835,74973,574065,496158,420053,271369,156415,87266,50135,148702,26664,995797,359597,991046,2483345,Low,11,18,2
30,60,23016,43973,13246,26.55160074,46323,648940,162099,145176,233998,647527,109910,15915,296884,24484,996672,343407,965688,3350590,Low,3,26,1
31,32,58401,34983,15669,12.43736946,96939,400127,144841,96919,24117,899543,73798,32585,82111,14196,218168,156876,760524,4964908,Low,7,68,3
32,53,84209,47149,15480,9.587997488,40694,342225,64557,142430,91737,248808,86511,57519,38393,29931,40878,478899,518839,4349434,High,21,29,3
33,43,100226,8751,9286,16.95913345,123031,797708,194861,189660,202629,946829,52750,23145,100847,11178,179397,242271,933967,3408568,High,13,67,1
34,63,97254,38632,2788,25.10530925,10633,942020,100163,358290,6369,849982,162515,157238,16999,14316,330328,109953,742926,3256622,Low,5,17,1
35,53,31607,38324,27791,20.46159131,17908,920419,322818,2981,269803,531605,28464,106661,64997,3313,88145,405742,662363,3983525,Medium,19,91,3
36,28,140043,26010,3260,29.87449201,114295,688126,361850,402858,25456,908435,207085,19894,30463,26479,918935,112873,998946,1940250,Medium,16,57,2
37,27,101010,11781,15142,6.562246426,77357,396488,79227,140267,176306,936351,42353,11765,69167,26715,464012,189000,517957,2304007,Low,21,17,2
38,57,160844,29038,18088,27.10981682,14651,903450,360077,341007,104854,392410,63440,35904,81613,5354,725287,142714,568031,2402506,Low,4,88,2
39,24,140423,35743,10812,21.75413692,137374,998161,182926,422375,276510,455760,27643,196348,58955,309,882198,410884,900684,1738391,Low,1,7,0
40,62,36969,19238,15210,5.86248577,81151,988382,385942,116937,284939,73352,9041,146832,203995,16008,111302,454300,867682,2378292,Low,1,24,2
41,25,117041,25730,29754,10.0746762,136136,557240,197477,74814,105551,401438,104370,138108,267065,25471,748166,210854,776382,2120296,Low,24,66,2
42,63,183124,10971,24052,7.32640789,43075,298058,76218,175314,95124,447533,152226,80075,210495,14305,84001,310638,644005,3796053,Low,30,72,1
43,21,104064,29821,11893,27.14457897,31593,247401,487086,259709,74870,618868,194859,166075,237908,18689,188247,187536,953334,4401519,High,3,2,3
44,39,31456,7040,18716,23.92582615,66976,619957,293270,31620,32562,31466,251584,33839,211298,22318,707856,487360,925395,1018271,Low,5,34,0
45,59,129212,8160,28354,17.52999327,58208,195763,369451,395521,153679,789851,175279,99458,44995,6170,467355,241872,767784,4582433,Low,5,95,3
46,53,77383,27658,7654,5.289036324,43725,54569,137331,302682,244931,249843,132158,148392,169924,25908,17012,291162,648293,3264565,Low,3,12,1
47,65,39194,9752,25941,22.38374416,43744,652157,78034,205132,204250,529589,282720,19057,59448,25532,191292,209311,784938,4662573,High,13,94,3
48,51,177517,5494,25137,16.97525879,102180,716701,128551,254333,153518,384987,39672,41898,81060,4480,819551,251891,784192,4482493,Medium,26,20,3
49,48,171006,7599,25964,9.795832058,72185,917133,347488,95191,71633,935906,125769,165610,126591,8249,955081,460752,929640,3724180,Medium,27,22,1
50,20,120318,43789,3367,14.73071876,119146,322456,271321,15722,45553,475992,144288,73828,13118,8420,476013,144062,729783,3067676,Medium,15,75,1
51,49,150748,24099,4609,27.35911218,52394,593842,402896,121652,251063,783602,54930,9149,156242,9915,53183,131103,850673,1596770,High,7,52,0
52,21,193930,44991,10472,18.74551086,42085,722347,71262,207965,5216,819155,266678,190726,262329,25869,507735,471369,578912,1840969,Medium,8,47,2
53,44,194001,5931,27465,12.30765861,60251,224023,362719,218639,7691,577291,169462,6095,117079,8667,563228,412671,878824,1473462,Medium,14,26,0
54,53,30863,17801,24990,12.84903316,16446,157303,359799,209718,259449,375014,204906,42174,2589,28052,552367,281617,766490,2064295,Low,17,31,2
55,35,70728,18151,13205,20.68833703,134767,503208,205556,461340,135311,296789,182385,159275,252112,4350,355356,471536,883999,1066623,High,28,93,0
56,38,160207,14464,27704,21.50810028,15186,641823,321065,130818,124376,969431,66598,84100,38182,22428,37432,117187,659364,3427021,High,7,41,1
57,66,129905,15575,28095,29.13493329,10012,207429,369569,378001,164627,165480,257866,150071,15353,11996,882244,177305,701273,3425604,Low,18,71,1
58,34,53834,5949,10505,22.74454218,120215,527926,5457,364400,289116,814819,127771,115339,36786,15731,994795,256734,526607,1592657,Medium,3,52,0
59,41,149223,6108,2528,26.04909041,50054,100409,363543,475145,160938,341556,60747,177651,275520,28424,801154,236476,596038,2580860,Low,15,21,2
60,59,45878,14364,18131,11.18533493,49382,507838,7937,487124,238938,24974,254822,139631,108414,27866,816847,467469,973117,1169350,High,7,15,0
61,65,152279,48998,24886,9.141375377,16105,826746,41755,214179,245558,469030,128454,90489,15006,10027,578228,158996,660910,1427600,High,6,51,0
62,61,54453,19528,6397,15.44732634,31344,668636,293155,389342,264302,880545,158404,644,285867,10964,713852,247379,653205,1052454,High,16,94,0
63,57,71254,34991,15961,13.97627044,49653,191386,304663,341228,166175,262689,235882,189808,106637,9671,254128,459404,765263,2580908,High,20,75,2
64,33,75390,21361,11346,15.12744452,105876,850515,66782,67883,183502,138091,145038,183098,208567,11095,998367,312660,506460,4303501,Low,25,25,3
65,46,84162,38729,3230,18.93778283,100344,978246,233001,139205,288441,361808,142899,50108,160337,27236,841474,468828,972059,4983768,Low,20,4,3
66,42,177214,9441,9585,21.89206801,122724,248590,85,240749,182934,738267,227572,16817,23546,14726,356411,236157,786048,2728911,Medium,27,67,2
67,51,68155,20462,26969,6.803393453,25751,379647,444160,123784,117719,402987,81660,123774,18023,19714,259117,371378,864746,4424721,Medium,23,91,3
68,30,110362,40458,29217,21.13964402,148835,282958,391038,95405,266189,299024,188475,122006,37752,27945,646220,317406,682867,1216636,High,25,89,0
69,41,32864,44298,21897,8.447614923,42437,276929,263024,150603,106583,861191,44646,4988,205116,24482,781612,214991,928791,2817297,Low,24,1,2
70,32,194431,8464,11023,26.23811082,29247,90820,487679,235709,66139,730319,1215,72625,114381,14961,121528,200663,833260,4791248,Low,10,35,3
71,46,32302,26801,3146,16.60963257,11792,365975,4386,147835,244363,824179,111751,191884,275923,14907,8866,399008,853602,2365394,Low,26,97,2
72,56,60471,9411,28926,15.53116542,54925,177640,307068,220853,138724,401147,167135,127665,272234,15105,525343,107530,687661,4408607,Low,20,65,3
73,44,76358,14788,25402,16.13077148,48665,297990,144228,366103,247675,198733,140646,7695,1460,19661,827428,244431,583423,1094000,High,29,71,0
74,32,155135,15179,9435,27.15885426,65300,361952,460143,334264,225311,41532,264216,7331,158103,18711,92384,148969,880265,4900901,Low,17,59,3
75,34,188067,11259,14195,9.016624295,26664,122351,36353,284510,274563,428357,273190,103897,231439,9933,183162,389213,871816,4059976,High,10,76,3
76,27,159496,9117,7885,14.9540347,121223,600688,163943,427672,59186,312737,187256,186470,80017,1380,242421,122748,502205,2065830,High,5,63,2
77,21,31885,40889,6034,8.0432084,126453,255524,62665,104523,295517,534850,4013,8941,75350,17812,591617,484236,961836,3946195,High,6,88,1
78,52,147904,26120,16805,25.08514532,143483,429256,438789,214676,49017,538905,168318,46061,78683,10453,73002,337566,772916,4896479,Low,17,77,3
79,26,63349,28449,6304,16.71223228,19305,605140,146825,227837,175602,222818,92466,24297,201390,5926,955888,434297,602355,3817031,Medium,11,7,1
80,54,156004,29926,29479,16.8649483,14336,444710,117950,395842,83113,778720,278724,2987,73934,12307,56954,418039,888565,3311812,Medium,4,44,1
81,26,99627,17416,29497,16.28462705,122443,224695,410868,413639,106181,41811,104774,99150,154665,20056,61445,440810,767815,2999060,High,22,63,1
82,56,69430,30117,7641,28.58773408,54943,956663,424311,77798,162174,594802,214514,43635,126880,26853,394994,216557,960783,2825648,Medium,17,6,2
83,37,141571,26950,13359,25.64049743,106808,169070,258535,6992,70217,80272,30127,118318,73397,22654,593321,125124,853970,4806545,Low,18,37,3
84,24,85446,44565,15289,7.094114215,131027,99218,23219,498578,52271,167376,132581,165013,248880,12295,169371,191332,591333,3612689,Medium,7,15,1
85,65,85457,34352,29591,28.27184874,33301,355877,478843,76063,31969,671281,293962,106710,30656,11852,824337,147517,621527,3890254,Low,25,13,1
86,59,126251,18083,26056,21.55325199,43424,995331,348076,274428,204571,156328,86890,25839,198788,11705,456690,240083,540284,2873748,Medium,4,13,1
87,63,30766,11972,8907,5.038930038,82268,339213,331392,259979,68987,737031,219682,100027,162162,23684,551498,417772,568843,4188290,High,7,88,3
88,37,105300,14400,17243,7.924508804,118748,564461,373949,143627,133481,196197,126227,113305,288301,14089,435037,235135,996983,4039342,Low,14,28,3
89,47,78048,6725,12988,23.68266837,27760,315702,488324,242503,198653,893494,109132,129102,282408,19799,786935,307888,976968,1304740,High,19,33,0
90,61,56239,41213,7265,29.0156437,31031,672232,98804,424223,220123,282655,268410,195133,18648,12145,425265,397743,971692,3860508,Medium,13,35,1
91,34,94038,30369,28938,27.89610253,124162,467872,251446,223566,218524,411587,175799,147921,138727,2267,765220,453645,546827,1308100,High,3,61,0
92,57,153586,7828,21962,7.291491893,143303,891413,496618,358651,291819,912395,242622,88206,284300,24746,535767,218372,903929,4659762,Low,11,58,3
93,57,158773,20124,9041,16.53999968,140088,842542,100915,411000,178067,525078,165760,74067,10754,2344,27953,155152,505954,4487248,Low,8,27,3
94,36,103924,8634,9242,24.61440358,78780,964036,197648,367424,293947,380949,92066,79283,147015,15033,501079,284003,610836,2301902,Medium,17,17,2
95,32,85392,49317,21270,9.230119994,74601,595394,132475,240105,163850,634279,71348,146448,122928,22593,275872,372654,912996,1193002,Medium,9,3,0
96,33,78471,45914,18980,9.964577088,114243,392643,77543,212869,130632,104353,72713,149141,72838,2324,574797,315189,925599,3155292,High,11,5,1
97,46,20795,25469,7712,6.734102582,15845,271865,478146,490815,156116,630010,100772,97836,109727,10445,287259,345673,901293,3053553,Low,20,46,1
98,52,49229,39385,28675,21.79525366,52679,714913,98956,54806,244688,425670,250922,35680,244495,29829,798005,234792,780320,1893780,Low,23,97,2
99,31,173949,39393,22789,26.09961422,39497,66855,453273,292527,167269,440523,34059,26367,178169,5273,414333,486953,671683,2298186,Low,3,60,2
100,43,149850,11643,5690,7.486624789,107415,897532,284420,214031,258380,111918,208981,180759,65473,16153,902773,127539,780361,3106887,Low,2,88,1
101,57,53223,15366,11237,14.32311276,144645,622383,402629,231421,220474,214576,139045,57162,72259,7938,311380,296977,770075,3161055,Low,24,80,1
102,66,80483,12093,8572,29.63351613,78149,913903,183813,133192,50870,166106,250575,135550,194230,3586,552300,120241,686807,3868075,Medium,13,68,1
103,37,172511,48389,3055,18.77447972,124179,464361,373946,219801,232011,441482,49806,146137,3597,23463,741847,232176,867992,3284071,Medium,1,61,1
104,62,124332,36027,18235,23.18189028,122539,760110,385455,441642,277936,656215,250022,115698,119370,15971,748284,229587,982455,3986471,High,6,52,3
105,46,106950,21405,16592,27.87867539,126850,550170,218631,206913,291482,570756,224146,136803,198556,17983,859345,266915,980001,1403404,Low,21,100,0
106,28,119139,37573,14871,6.444577519,123755,211733,57383,79980,109473,370122,233434,80865,240128,17516,840222,372099,726523,4775463,Low,21,30,3
107,28,148314,17221,15679,10.0484592,124777,668135,138748,483745,62072,380338,10435,104757,35300,6351,7839,353649,743297,1752417,High,18,53,0
108,54,66817,7285,13580,29.86600688,32530,623061,470685,173300,7827,346875,179083,450,80488,3787,909838,366109,837085,3793302,Medium,11,73,1
109,20,108127,42346,7432,13.48130253,147594,423915,136722,489296,196535,383548,4314,4834,141679,5443,632447,274069,850463,1974581,Medium,26,57,2
110,29,144302,28281,10138,12.79350336,90813,859455,165239,446572,168474,82740,95957,156816,113126,20868,343669,143665,549466,3694637,Medium,10,29,1
111,20,160764,28436,7941,11.63036287,40919,743574,462876,331891,91912,968030,263304,190768,207415,23648,708045,134093,744329,2221727,Medium,18,57,2
112,33,31460,47184,29520,13.34589071,76830,570207,165409,282204,237904,179397,50099,130776,134253,11793,165330,385853,553694,3573116,Medium,11,47,1
113,56,90837,32126,11277,20.77520755,103867,178756,194252,410863,9072,229242,89774,70855,18043,22950,311087,141973,910383,1497754,High,10,54,0
114,59,31004,18589,16868,29.49967327,25788,685051,344155,358530,65867,780998,80197,155502,191652,13282,622784,415767,847038,2201907,Medium,13,14,2
115,50,165176,41537,11777,22.68126889,50511,415103,397594,295394,220901,599906,267017,150930,130956,7021,681470,212278,571034,4088488,Low,6,19,3
116,44,188105,21523,28435,16.48238046,62680,780186,94819,391061,72730,850922,100701,186165,203951,3815,390846,374711,978678,2298730,Low,14,27,2
117,43,128452,49543,6882,29.4878485,67436,471624,174485,311273,58498,129048,137251,151893,294454,3960,707778,340590,883127,2287481,Medium,29,20,2
118,44,85657,8196,11803,29.30737285,111364,562530,326933,432769,203920,667987,284542,144103,64506,24403,136292,182352,991167,4141389,Low,2,35,3
119,57,39913,23136,22197,27.78663677,104285,203239,242824,249290,125071,229327,37223,80810,93662,19584,52639,387815,522108,2266374,Medium,16,98,2
120,46,58221,45667,17810,12.14622888,133215,644392,16684,82702,65482,858747,82817,59990,147514,13305,121837,167892,956336,1582410,High,1,39,0
121,48,100618,46703,26408,29.31887639,45160,57874,135342,56515,216807,810073,65820,60177,221546,22142,266329,207175,759686,4436436,Medium,6,28,3
122,56,127060,13973,12030,19.43622909,138930,798113,30399,294723,115567,698113,118774,62413,100513,19191,500744,247638,522321,4715121,High,25,93,3
123,29,137279,27401,24938,23.37425326,77393,842969,260668,316656,217620,974803,76951,103790,187502,2240,977014,392131,864928,3631722,Low,22,53,1
124,35,111728,9550,22608,5.449870551,128457,838725,15534,260260,190991,107837,107685,82323,72459,15375,132093,184294,771032,2962722,Low,15,88,1
125,47,106703,48749,8381,6.604517971,23287,736420,150103,379594,178576,508907,165135,49886,197184,1563,964062,430245,914127,1800520,Low,14,69,0
126,57,149290,17628,11088,5.814181062,64979,108029,110555,298667,5590,834865,33850,127068,268621,23457,272222,478684,651771,1324506,Medium,7,59,0
127,62,189324,49120,3242,26.32879197,43976,512887,414788,222191,181213,979554,189443,135592,131517,4621,48164,217795,649997,1988613,Low,16,67,2
128,58,114368,13764,8265,6.016314662,33586,367652,319472,406035,46807,162092,119800,182956,266119,19725,383049,279309,598363,4450020,Medium,13,42,3
129,21,132573,27315,10864,5.497920373,119640,826556,385275,426774,299095,353669,218281,4149,39455,13009,248747,209289,630427,4132530,High,5,36,3
130,44,58007,35241,28412,25.68303496,110007,985575,134415,154011,85573,105178,67659,85833,112729,19941,99183,393962,905784,4767213,Medium,28,4,3
131,20,105468,40421,24062,29.81811769,54262,472360,128946,283609,163172,788660,171478,44524,286019,4457,649114,119534,601071,3529873,Medium,28,59,1
132,45,81619,47534,13256,7.153516306,82472,894935,199531,222917,36887,380917,126327,46125,218927,11601,161151,289065,900627,1672355,Medium,21,10,0
133,41,126301,45463,20691,6.96258958,101217,100369,253722,414083,128968,644970,6479,141605,206838,359,665928,389357,615698,2584868,High,10,87,2
134,31,43922,24730,4613,21.72225221,75532,366065,69794,243971,96827,823035,152080,21622,42570,20381,757416,139366,817350,4068279,High,9,93,3
135,33,139225,40967,22051,28.1287726,133640,615937,321783,61817,131975,440153,127997,24814,204490,960,594432,153195,788463,3311259,High,20,58,1
136,35,108331,34192,11793,12.01992009,111768,151083,376874,364237,23589,121432,270487,24396,285102,13535,420076,318103,626112,3511708,Low,4,18,1
137,68,26294,27190,3763,8.537018974,36309,512430,206160,475853,259782,754357,282302,37066,235767,20514,443991,189125,935050,2793301,High,24,97,2
138,26,35732,36178,20660,24.09634829,45103,158664,206394,94775,201727,808262,105575,112981,116039,19472,490392,149034,508265,2049944,Low,5,31,2
139,38,81390,12446,22501,23.93433643,42088,793350,355614,89576,74101,867151,120386,10146,72883,13884,699780,280718,522006,2312089,Medium,10,20,2
140,22,133173,15677,2034,12.31485437,67802,300653,7330,102685,104395,553862,2569,101507,223410,19293,691527,274410,545700,4449480,Low,7,57,3
141,21,102615,25482,8349,17.95338174,67327,211137,291850,151419,109159,164298,215641,118873,144870,15656,917552,435769,653670,4268568,High,6,74,3
142,37,164492,33028,4079,5.87021834,60167,682114,65784,173696,220365,376386,257587,175233,70929,4831,519969,282718,812193,3846603,Medium,3,95,1
143,20,167474,25429,7417,29.92287961,62534,765943,429831,382698,201996,490995,118470,88613,287853,24230,43810,182319,810503,4902974,High,28,37,3
144,66,173258,8868,2966,21.07899011,32428,350404,389649,93458,129580,980351,120546,140939,270609,20901,620707,251120,760757,3518120,High,25,7,1
145,59,31049,12162,13046,6.068170348,122273,481132,55194,105636,39829,450133,225442,119851,149665,25235,964271,141150,857829,4507476,Low,27,96,3
146,22,157703,19985,13704,13.08732234,11956,139961,141394,20190,204127,59444,35502,127241,106910,11021,702588,324353,960930,1904974,Low,12,32,2
147,70,170890,23089,16047,5.085642058,48150,408236,457621,151287,56926,83786,63103,127501,197591,14401,517559,241836,637334,4002418,Medium,21,24,3
148,32,75000,28595,2560,16.01729188,40733,598160,219180,320554,191873,945821,235128,115608,166943,10271,131556,326971,899602,2132430,Low,12,83,2
149,68,55348,21803,15831,13.13671754,38640,817452,430164,277769,275627,683551,41992,110192,241987,183,980581,473232,856433,3304356,Medium,2,1,1
150,35,87398,20038,10612,5.208469909,146996,239662,125050,222502,252861,47383,268021,140542,207906,6286,28145,174833,759717,2097056,Low,9,45,2
151,36,82569,43556,20400,8.707542304,134055,799188,133655,227145,36718,647814,241777,90121,287191,22602,519302,327936,829816,3925580,Low,22,29,1
152,50,62129,35890,7809,28.82832662,66344,675572,119816,195893,175164,92879,203715,53074,148772,16828,104778,269544,904393,4411725,High,22,64,3
153,28,158901,38651,7571,23.16946398,137157,748885,23671,106195,222236,700240,154410,195986,254632,15806,636061,234557,553718,4158857,Low,10,60,3
154,63,58277,7099,19210,7.142353578,121132,821926,303737,453932,133605,36953,285610,99033,17399,13391,440323,319378,959023,3082959,Medium,24,41,1
155,45,29024,23439,8006,10.37200749,86348,239276,315562,314900,149282,496593,244499,118661,155270,6677,404868,148553,553768,1138232,Medium,11,59,0
156,35,176986,38851,16676,24.62872663,25404,963449,368761,150758,229389,62290,157261,171528,55990,11275,709738,167603,589110,3320291,Medium,28,48,1
157,40,72245,7047,8533,22.34576479,97790,537166,53849,420908,139006,586688,67227,157729,14461,20566,614981,153391,812719,4302763,Low,13,72,3
158,70,189069,43261,8496,20.31437468,140526,138253,23659,378819,252552,166620,30328,133961,110947,17621,969043,300757,724332,1760011,Low,7,36,0
159,47,103823,15983,7451,9.936261038,16820,295690,315216,330244,114931,716565,170638,19164,3739,3346,200620,320010,813601,2715372,Low,12,35,2
160,43,103282,43747,2121,27.09607171,102879,328723,450444,166124,212291,326601,48645,97741,85472,21468,831055,450720,869373,3235983,High,18,61,1
161,66,115286,14622,6567,11.41935314,102134,900900,305246,448331,183373,618212,69087,103183,164453,20429,270440,253718,654558,2404316,Low,7,54,2
162,49,97803,16583,7340,17.29941335,80109,577878,222913,301418,49359,931473,26874,135608,77731,24102,540059,188891,846218,2536893,Medium,5,60,2
163,70,23628,32055,17027,26.73930908,82420,255672,307775,468375,222937,624465,246589,127875,88223,26069,810042,425408,815189,2240697,Medium,11,58,2
164,58,141248,29541,19696,29.0888198,114054,203032,302497,398007,181276,317158,39950,4256,188049,22231,849476,445954,844191,3124505,High,3,72,1
165,55,24344,44671,10753,23.15425113,64143,571693,52554,476643,59593,658131,88990,175844,179371,512,514040,279480,972559,4600856,Medium,2,55,3
166,44,20910,45183,6538,27.04567993,148957,379475,462326,164556,175478,809037,249934,96227,151988,375,864757,115578,881142,4152498,Medium,2,41,3
167,35,108908,35781,8977,18.14508006,28212,601797,200247,105013,75588,677480,100847,102072,24302,24452,769904,224197,817427,3882672,High,27,49,1
168,64,62246,36371,2777,25.69762331,14465,822347,415454,361257,38020,867926,145287,26259,258348,21696,242324,348222,889059,1131081,Low,30,42,0
169,58,168312,48022,18235,14.26227275,107791,993244,317031,242892,33742,441093,94095,110819,84468,7537,644545,381421,598822,2134485,Low,12,20,2
170,41,197582,29037,18218,10.0154512,87764,972488,215449,287088,295824,326681,86318,156708,97583,21771,467994,123248,649608,3326902,Medium,23,89,1
171,63,31280,32703,17448,28.25684803,99660,686666,309580,270808,282931,240151,290230,2748,279386,25153,483161,428692,956273,3461112,Low,15,44,1
172,34,70224,45048,13204,6.897117759,50261,471030,46687,15952,213374,902216,187853,140302,281057,16202,400948,169292,814505,4280056,Medium,29,94,3
173,54,145933,18699,7963,12.4755591,79893,611641,271135,334449,114574,801273,199259,134329,39635,8900,671776,143760,784204,4538328,Medium,23,66,3
174,39,196898,36707,4395,17.76907408,76085,856002,23649,20631,65965,794398,252711,137536,292867,15172,571880,104417,595355,2732970,High,30,51,2
175,32,155480,24301,24796,11.47597242,57043,666758,352528,299556,27780,107191,184021,66046,288633,8611,207777,337629,539759,2092258,Medium,13,89,2
176,37,63024,43215,6575,14.12636277,144757,875294,182829,422108,941,409732,143027,157294,297285,7050,471657,399367,621659,2541658,Medium,15,32,2
177,40,134538,20979,16273,25.58153294,91307,987399,242633,215285,265834,296104,265515,15154,150599,22211,785436,435595,870051,1622943,High,6,66,0
178,54,25414,33386,11572,15.61778477,21188,393321,160503,32663,184602,833903,153341,7978,11046,28366,102004,116798,964590,4205882,Low,10,88,3
179,61,133780,20795,13805,22.2479681,81376,235872,436366,162446,263892,850343,198895,35736,288926,26111,854582,232142,682663,1927237,Medium,24,37,2
180,56,133578,48712,17824,23.75420947,93405,249304,330014,20687,236710,800636,133031,75623,38756,29074,132346,231284,553639,4799259,High,14,3,3
181,63,143303,37897,13089,8.026578295,39910,208624,322156,392390,179180,17391,285480,33931,108519,15336,977238,103166,528649,2581658,High,15,38,2
182,40,131894,22511,16409,26.31704005,61309,742249,76067,101910,264474,788113,13489,196588,270486,12334,947946,214585,893429,3490726,Low,9,24,1
183,52,99399,11739,6299,10.8532773,94534,512720,361755,317761,582,49548,167244,88185,218177,953,849118,463892,885287,4259110,Medium,26,77,3
184,40,169347,47564,18364,19.25113136,70944,699550,264236,96934,234511,317141,5488,28173,233900,9427,629891,385895,799201,3515325,Medium,5,63,1
185,49,91502,5030,26529,20.29306898,149242,904483,116686,133402,164538,965963,285361,105328,99647,3870,857126,274823,721347,3051340,Low,28,35,1
186,46,146898,25101,16691,8.159386661,89828,639814,465432,393536,191857,306505,293909,156621,104899,12868,706352,124197,991391,3257704,High,12,12,1
187,44,60429,12533,9849,14.54378657,29384,840621,298762,296426,228166,451077,194072,28716,166143,28509,881208,491567,990383,3934691,Low,29,12,1
188,43,68423,23873,11868,20.39827535,38738,947961,124570,286685,266018,941623,37787,32136,249806,18455,980460,142530,587694,1948311,Low,28,53,2
189,63,188519,31671,18918,25.64666819,77534,619553,224563,8760,96284,624264,196005,108049,279157,21995,21499,306622,522126,3861236,Low,8,29,1
190,38,127118,46990,24551,12.84197261,76132,553267,114330,418980,170046,615441,182633,31551,222984,29316,970587,365654,678373,4762252,Low,15,1,3
191,60,188092,35638,21215,20.65261233,29054,708342,144011,397462,289673,227242,105801,92784,229106,27516,508110,107350,714941,2423819,Low,5,88,2
192,41,171925,42571,25914,29.94785395,57606,727511,313011,432433,13789,279062,163401,5915,258464,14035,173092,329892,894928,1389007,High,1,24,0
193,37,179613,41319,4118,29.29350387,70530,400771,178419,407636,220297,264508,62803,30725,166053,22546,475572,294061,547863,3524655,High,20,27,1
194,44,146348,22768,20022,20.54370301,97189,243033,307000,95155,181383,321181,99202,183032,285440,21234,211831,279291,541503,4053413,Low,28,42,3
195,65,160576,44259,7108,13.59534089,84251,668553,79854,294808,90309,802321,131263,84496,102882,23728,96394,421474,775113,4310986,Medium,27,46,3
196,36,190060,18967,13364,6.568621597,31884,184038,369377,195072,2624,842359,140730,153221,31758,9145,269951,211598,874937,2451184,High,16,3,2
197,65,49641,43464,7787,5.772931944,98945,253376,104544,367287,69470,607846,295746,188129,162618,24298,691327,492717,553884,4705672,High,25,49,3
198,23,88750,39739,16981,21.92932415,75131,711286,181789,161349,79930,335142,68710,34956,198247,27098,533557,270179,799160,2268082,High,11,7,2
199,68,151746,14333,20135,13.77602344,104647,362926,499029,437178,181191,750226,30474,18047,150977,19362,506768,389664,526721,3729574,Low,26,41,1
200,55,138540,26486,20348,12.62002349,140733,632996,341114,443109,155370,548817,130928,76580,55683,4468,808903,186152,900853,4392186,Low,15,13,3
201,50,30104,41486,14928,9.725233142,106193,729434,454131,383942,149359,404521,3625,60804,84550,25539,791290,346426,682803,4959467,Low,14,50,3
202,44,177618,12271,24159,25.49157871,121737,163939,407673,35662,249571,801724,71127,141597,121360,22836,449328,447156,908750,4905932,Low,16,91,3
203,34,152015,18376,8360,16.92055517,116878,894126,21594,73022,23300,31348,207495,64586,15256,21478,619200,132398,920308,2843546,High,17,54,2
204,54,161686,49726,3905,6.696007191,137514,452102,79906,325019,162086,248041,291710,111920,61294,7081,976582,339434,835268,4898130,Low,28,84,3
205,56,158888,12312,26848,11.03897447,41700,184991,200868,31185,51690,432681,33339,108861,240506,10572,729022,401156,869290,1999025,High,17,3,2
206,65,67778,45641,18543,16.49721854,97053,854407,450791,222262,233148,717113,51844,149485,36546,4417,947084,462101,507423,1131856,Low,1,66,0
207,26,66551,42364,12233,22.02180331,19135,377230,435154,190843,189102,831312,150234,218,121420,26173,232141,438179,949194,4454182,High,18,67,3
208,36,86709,5326,9376,6.293869809,90512,791690,226973,482252,99781,421580,233393,165854,212113,13643,260167,205154,785044,1997554,Medium,4,30,2
209,20,50492,8017,4362,18.29484201,79371,468016,490946,490042,15733,676449,93061,3229,144904,4097,669592,129381,538806,4349671,Low,14,78,3
210,58,34234,12092,3599,21.66917642,63039,654793,337548,479041,225852,89951,111980,80699,223781,5104,198082,280067,861391,3629189,High,15,83,1
211,22,123808,7471,4988,23.89104667,26221,802890,7787,346173,14083,470850,173859,49481,280789,20445,888875,310904,597359,3597211,Low,16,25,1
212,34,24141,41486,4314,5.250681176,58207,143381,13119,36183,277454,310799,74921,151195,107811,15305,280088,460785,867697,4259245,Medium,20,46,3
213,64,160688,42901,7115,22.06622506,37893,53068,295798,219873,94106,7593,262423,80681,216498,2327,787329,413728,862425,2764257,Low,9,14,2
214,66,100985,24032,19089,5.697496806,83980,488959,156657,80240,125281,780638,233077,174477,206516,4381,14222,188507,907635,3074751,High,7,84,1
215,21,155668,15250,4467,16.07071519,94437,926081,492275,443047,243737,175257,266328,90337,192807,13899,472930,293325,844712,3213079,High,11,54,1
216,55,126298,27869,28003,22.41051623,118595,665437,447668,376826,232897,130985,244868,24358,53947,22065,36645,165510,654077,3680395,Medium,16,40,1
217,50,54213,33254,2440,7.107004998,115893,254380,123644,174152,273985,590178,275335,65759,84749,10468,646313,439326,791058,3473657,Medium,1,18,1
218,58,122578,22999,12535,27.64852778,135281,551998,174297,68960,266545,17019,97961,40026,280329,23743,588149,389347,832053,1208306,High,23,39,0
219,70,95922,45200,10938,7.149385275,89835,845130,227257,31429,89260,892817,186757,153943,285148,6359,129641,489666,740994,1873622,Medium,30,65,2
220,43,175444,17651,11507,14.86698772,61941,229916,425028,244672,228970,170077,19057,73414,201714,17164,473582,352415,657982,1404292,Low,19,63,0
221,30,78310,38072,3863,22.9743567,102561,709886,239932,369749,58992,102088,19165,27808,45536,17900,592878,308289,642992,3219650,Low,10,39,1
222,49,58956,27022,27943,13.42288107,137583,997269,309745,73867,14652,220039,131874,57316,223233,16272,624721,431592,654635,3722351,High,27,87,1
223,37,44068,9200,7104,13.51387626,104978,150460,449880,87812,59625,916364,131654,62932,130918,26801,414084,423459,513477,4691250,Low,20,45,3
224,29,89887,19657,10553,16.26582918,69033,151475,394938,298278,99408,824335,96717,144130,200319,8373,51471,230991,956493,4898878,Low,9,42,3
225,59,116714,10278,22834,13.38557906,81520,939595,175826,275350,252913,18979,171923,199359,236758,11824,750483,306924,617637,4587904,Low,27,6,3
226,63,84162,16637,20198,18.87324125,108925,767925,140687,488072,142175,359210,253512,1458,63896,14775,49715,155088,522300,1363129,Medium,20,27,0
227,47,69907,15285,29877,10.28323813,74397,171818,383202,428943,267571,485800,161518,138691,5009,29263,629426,491349,928061,2226782,Low,5,69,2
228,20,98219,48555,21712,25.31295655,106694,448083,27961,137706,47176,669874,156487,117374,41202,19900,20738,394132,757051,3333358,Medium,9,73,1
229,52,44759,12253,5116,29.29180662,69146,682280,314119,10541,121707,956475,43438,63756,31845,22192,530575,385831,578256,2848050,High,14,62,2
230,63,183695,31703,26686,24.19850561,107290,212050,217103,2667,33654,710811,54649,145757,36124,21269,507672,369652,869253,3323352,High,17,75,1
231,43,129064,48485,27341,11.1360628,38215,831024,371913,173745,179275,775001,283826,199981,10962,14149,259135,485944,845602,4781697,High,20,41,3
232,55,161566,26217,18788,6.284057755,43127,662776,131149,125398,53395,680630,168016,95731,235998,8472,565664,320892,974280,3694964,Medium,9,99,1
233,31,26343,11517,28681,14.25973638,112148,806344,386114,323146,190554,820713,216585,101366,202684,28230,841292,200594,925433,3595068,Low,4,77,1
234,47,62628,24129,25774,28.41335088,62236,695196,322732,170798,108888,905503,1036,62381,188206,9020,203060,129783,700265,2148838,High,20,99,2
235,66,128118,23984,25397,25.26791821,96803,157420,364227,334351,168411,433908,82167,187263,9643,18939,939542,392778,587515,4728617,Medium,12,77,3
236,52,163025,39091,12427,28.99350014,71546,548643,394508,157174,43540,799407,16185,175691,23461,5307,663273,250893,952366,2234342,High,27,88,2
237,59,147398,33339,7556,17.8400347,67020,84879,105707,374759,139590,730428,47651,158300,30849,7944,288391,167399,732562,3990611,Low,24,87,3
238,22,91374,43589,22608,23.94055736,111288,926420,189015,261030,241749,348226,287304,183106,276471,5025,490661,218111,503805,3443726,Low,28,11,1
239,61,161835,21451,23297,22.17225381,92715,190626,84218,215010,139129,719696,75558,52428,106718,658,706983,363775,728293,3050019,Medium,26,43,1
240,32,186618,49791,20927,18.82046891,70844,629621,123866,422006,127793,490246,195215,74598,288017,19467,604640,451291,965746,2818550,Low,10,94,2
241,64,147421,35444,25276,10.47550324,73302,841996,189264,3588,258842,499922,162868,54602,249016,27963,894009,196844,819589,4990198,High,25,33,3
242,26,159479,28381,3918,19.90551045,138584,811964,5305,360214,78447,308544,193555,177200,157251,4116,830608,158535,968469,3766988,Medium,2,13,1
243,27,140694,31143,18158,18.50431519,57000,652397,98006,486648,104599,322273,252123,77212,119595,16380,784697,379835,854048,1911299,Medium,22,35,2
244,69,122617,5060,20084,24.56997198,71645,89821,85090,342812,191222,562703,152429,112361,200180,12430,232294,303397,793922,3960519,Low,6,33,3
245,69,53837,31668,16228,20.48090886,41887,585443,391049,170661,293497,877207,269565,11374,99340,29821,625229,426786,641878,1985508,Low,2,68,2
246,42,107922,34397,10073,28.26255648,41470,897075,19953,237374,72592,682320,118410,62953,252659,40,95622,357337,970623,2406916,Medium,12,76,2
247,66,121724,31413,25112,21.93073966,35654,438464,274160,447276,100373,739742,22073,68198,109259,13889,529374,324035,545057,4723482,High,29,26,3
248,32,82429,6300,19228,16.7418671,14324,818613,380248,430379,252759,388695,151013,186562,21640,10497,498242,421547,565138,4870587,Low,8,57,3
249,40,126036,9168,10540,10.66922269,33076,270765,349816,278476,158093,989794,233010,79402,167060,20666,161263,356767,737059,1352363,Medium,4,61,0
250,26,109963,44107,4808,19.3021692,132860,331657,253255,244655,204103,38255,281614,120551,45023,17208,430981,282967,851707,4524651,High,24,88,3
251,56,164740,38996,3164,20.8949407,37636,266509,356239,277697,176957,945172,209435,124333,81837,16827,833097,352831,925662,1079897,Medium,5,21,0
252,55,43661,29066,21101,29.2141209,38354,902069,455490,335294,280223,457171,51290,198013,56076,22706,729824,128210,878540,1195912,High,10,85,0
253,64,58285,15589,29144,17.66530306,141818,716140,190936,401389,148113,669846,264779,127628,5940,6452,758321,310740,636000,2189353,High,7,5,2
254,64,97551,15317,10119,13.54634877,90289,193395,308281,200636,153878,814830,32923,57530,177309,13272,425596,102777,901896,3166359,Low,3,95,1
255,39,39392,10707,19440,5.802224134,37611,301255,441118,259024,103365,987478,38198,78861,62906,24938,971912,338322,785256,2354868,Medium,17,90,2
256,25,166461,20831,6194,29.97560504,21892,686451,23077,232876,134291,308582,148512,187917,103048,14963,380156,381738,849559,4244778,Medium,30,70,3
257,50,70588,15141,6985,29.33597978,71485,747729,349617,227222,253044,587676,124242,148864,176013,10128,6448,438328,563344,1537287,Low,28,53,0
258,26,97358,40186,25356,23.36493369,60059,346947,215590,221548,82536,114242,129394,39370,277233,21928,754163,231233,754035,3100766,Medium,11,54,1
259,68,113434,22378,17920,7.829266868,119988,776515,357747,84345,91319,322462,127115,89195,113086,26529,434840,246352,809683,1507163,Low,25,72,0
260,37,115438,16642,2733,9.464439144,39234,694883,230693,257360,295530,821227,128486,80708,249089,13792,319996,349686,535635,4012748,Low,4,0,3
261,44,146011,15256,2037,6.767502215,100741,338137,493678,201388,25791,560229,72502,75332,129108,13503,488959,217365,528601,1012349,High,29,43,0
262,53,160341,15622,16454,26.21711296,33246,576952,489259,443301,160438,204436,97080,150203,279177,17062,336809,277349,940754,1411623,Medium,17,100,0
263,41,175816,28106,27102,18.52511853,121832,568808,67652,57233,82612,941263,46087,12705,182485,4192,237634,243652,955719,3172732,High,11,71,1
264,53,185992,35822,11069,19.52396887,86849,258046,103862,140709,286447,607424,275237,64872,206721,17946,159557,459011,625820,2453913,High,19,43,2
265,25,117905,17376,2633,26.32740319,10610,871015,404974,424619,217029,228853,242154,25531,233780,1886,197833,135612,616773,2802479,Medium,25,17,2
266,26,114486,18483,16502,17.80847948,121277,946380,174446,268123,175495,642376,215396,132577,146021,6674,217597,426208,572245,3094480,Low,27,44,1
267,32,139514,19253,17884,14.93828386,96964,598044,310742,458440,94949,18807,4686,13516,86630,18027,478573,125251,880512,1291890,Medium,4,84,0
268,46,93020,19621,8989,11.07852782,36189,711889,29296,156992,159221,753625,240680,194530,91421,10828,973868,315909,861454,2710599,Medium,24,20,2
269,57,170651,6613,27405,10.42681633,56205,845487,36697,399493,248547,415884,86271,104714,53094,15506,910905,431369,991536,3638017,Low,20,5,1
270,20,103977,31120,2051,26.83122991,137260,402093,187997,136404,151277,819542,106901,117092,118041,22694,110252,112252,862036,3643545,Low,18,47,1
271,38,63170,6930,6323,29.73784823,135773,282071,440490,412158,187798,325893,61066,41885,178476,10081,416229,217450,891273,4463459,High,2,61,3
272,31,147364,5775,16723,7.878082801,93646,981952,438364,490596,14602,959926,22062,134184,13575,2930,229238,450245,682590,4617030,Low,11,56,3
273,59,128831,26016,2648,20.20522491,123508,797951,82320,73168,278904,131888,166683,153034,128523,3465,721400,277620,805003,2739879,Low,28,27,2
274,43,176600,30881,11353,23.07167139,68084,500468,236529,143401,172182,80153,211465,130735,251421,8987,189979,489526,794174,4615808,Medium,24,87,3
275,35,176624,48949,22615,24.36157882,48281,512273,70455,460570,42540,908695,186939,32822,193773,25149,465438,105103,553161,3922394,Low,11,64,1
276,58,75630,14467,27129,16.91911157,115066,270112,451107,468301,81210,599756,183514,181044,187470,4302,778314,173054,909426,3937197,Medium,6,24,1
277,68,104558,21201,13964,17.63551921,25661,642678,219758,141821,34616,813961,120340,185265,299414,23468,831426,380573,579312,2102710,High,15,41,2
278,47,21064,11785,3595,10.0310652,71367,989976,407085,329068,239811,823932,3062,31102,9965,24231,719581,197053,633956,2083635,Medium,9,84,2
279,32,92698,15713,6972,6.69189333,61609,697017,331817,92374,188801,367490,11292,33030,183720,2211,842934,469263,768807,2324953,High,20,39,2
280,64,136695,28794,9904,14.49480078,54805,932582,417339,72329,17112,118818,72915,86517,34339,21505,36044,379810,664307,3948503,Medium,4,39,1
281,60,54446,19780,8901,28.01379252,115338,499846,187206,170407,178735,599684,214593,32263,31456,5845,724619,460067,500604,4659447,Medium,13,99,3
282,62,167067,41292,19181,19.61685996,102586,199791,302411,10534,123234,883829,116325,36764,220861,7656,556984,417378,607795,2245359,High,16,20,2
283,47,54019,11044,6497,20.73619657,12186,119815,223978,60425,28067,937237,195392,189199,225657,12417,420677,308875,989495,1457766,Low,22,61,0
284,52,174803,35872,28198,8.064570927,22630,458508,473605,379512,195665,612407,243363,146743,1391,2297,755370,235961,755634,2769460,Medium,6,17,2
285,54,134157,10000,21829,13.02539408,64070,194631,77596,314237,23003,27061,262186,193564,247239,5843,556024,372198,747664,1185162,Medium,9,67,0
286,51,90040,14378,25791,25.53649232,19480,187860,197489,229856,729,730880,88106,111961,45723,21256,964731,131421,831883,3233891,Low,23,98,1
287,53,184742,17730,26032,15.30911699,31070,922072,449480,345571,249786,546535,194046,80090,252418,28377,371434,288039,599257,4101465,Medium,24,51,3
288,45,146453,47580,16485,17.01612159,92353,869464,292432,396383,115768,891420,47714,40120,255100,29923,976786,347972,673884,1987291,Medium,1,77,2
289,27,33681,27932,23774,5.016837843,149021,550091,22799,465633,33921,398143,283002,54427,186400,4832,822724,322319,678051,3472136,High,12,36,1
290,65,144937,10995,3583,24.52185148,62342,95103,325717,427856,137395,693110,203120,10606,40124,13808,750588,237754,976685,4976167,Medium,11,31,3
291,43,53609,47643,16413,12.83034699,114697,824302,483820,421190,204659,96799,204715,68780,169771,491,103426,186388,518868,3239110,Medium,13,86,1
292,61,196636,26046,5560,24.95295752,89108,749245,151723,434195,169557,925096,158934,196729,251596,5006,452519,154659,878451,4158794,High,10,53,3
293,41,23218,28570,21993,29.34186785,119257,489864,104765,273557,106078,610344,7258,147910,114706,17286,893439,233610,765432,1949749,Medium,24,28,2
294,48,157397,28788,15104,21.70859721,95805,380563,87777,488080,263773,310415,133298,104331,106092,23961,224341,474044,891699,2136711,High,18,50,2
295,60,124368,36784,20595,25.98694544,105557,697587,24796,249753,213595,203503,162607,116477,241639,4307,59653,485809,750311,4098404,Low,13,37,3
296,36,32560,8737,7836,25.73376364,38566,831647,12874,445708,121356,538845,22076,26604,72680,20407,72572,453011,747912,4630108,Low,19,3,3
297,60,69263,37862,7184,11.60250613,127624,910558,462198,337997,175003,446048,206864,38875,134267,14428,4860,317987,845231,4439978,Low,23,12,3
298,26,59093,13496,18481,25.54334202,31982,852972,438939,351635,100152,282412,295975,119112,162009,18038,635894,205350,746720,2013636,High,23,91,2
299,59,138845,13467,18752,7.454491773,114778,339353,429990,182430,32,691276,69679,60586,86136,12283,545667,293588,887757,1590226,Low,14,10,0
300,35,152567,10115,26634,11.37066893,14260,140648,286299,485769,192291,114712,214978,110802,229758,19075,52390,140180,624901,1706519,Medium,17,77,0
301,31,115608,23418,10237,9.47488088,91407,852466,438707,471809,277774,642278,280850,61975,190805,10207,228891,401614,636190,1180151,Low,29,97,0
302,69,87240,11657,3103,25.77996536,21217,129418,182867,51807,47353,108180,15501,78228,191099,15932,997682,257372,543333,3348444,Medium,5,74,1
303,44,140008,42100,8702,11.77457115,88353,647206,459203,28801,68024,141539,154811,154423,184825,28606,621213,248128,614094,2706933,High,14,80,2
304,37,100087,23647,10043,18.0107503,106787,685693,8,489277,280843,351471,22727,137664,125332,29418,516875,199984,619833,3590739,Medium,24,43,1
305,69,156145,11062,3159,9.437382288,21896,774400,131572,101546,160547,710327,156377,195361,40334,16697,519169,287092,784705,3823792,Low,9,50,1
306,35,35490,17639,3956,23.90611905,66243,836091,449678,356088,176027,419363,18648,61795,70550,15189,52528,497748,778753,3909144,High,25,84,1
307,31,37181,28869,2103,21.8497913,25036,629119,338928,302208,120747,54680,123129,166305,153257,20104,684358,244140,794039,2244290,High,2,14,2
308,43,199958,21086,4601,16.76760147,50724,742351,339759,231158,229097,404776,130288,135253,206501,22731,796828,243839,851797,3370431,Medium,23,84,1
309,66,184635,15499,24140,19.08317945,80650,545933,121996,101293,259964,38330,196068,96318,259601,16427,25185,457741,537784,1983290,Low,27,14,2
310,63,103539,34195,28535,14.4629269,22369,312359,84364,401660,241165,325773,283016,42745,292676,10179,746845,244701,794744,4565031,High,10,9,3
311,22,20445,7731,19311,15.53229774,73390,892264,48024,33122,112932,319507,15665,113668,52983,2452,41385,438657,546274,3653220,Low,30,9,1
312,32,194396,41907,15240,10.20456598,39192,997785,276675,282100,151102,218251,148779,72523,103397,2093,700388,422358,815013,4379342,Medium,16,76,3
313,45,177072,30751,4667,25.82492865,87756,729140,192541,345710,275419,508989,56769,1366,40767,21985,410111,401338,743062,4086187,High,24,20,3
314,50,107525,31869,14274,11.42827099,48590,195368,214492,381176,248525,320723,83409,79418,76660,16835,9525,461161,968160,1258101,Medium,7,60,0
315,33,27028,30640,26233,21.02190789,24317,138231,54953,385461,274873,760985,42589,103393,263310,27318,259894,253443,524943,4835694,High,9,27,3
316,52,181122,23399,22089,17.67540395,120838,330891,164119,473809,201924,404924,171677,49908,202415,28729,509533,127537,580966,4352570,High,9,87,3
317,62,131854,28304,6152,19.32416715,128631,377542,61953,97585,146080,828209,211532,9694,214015,7141,271955,233724,663180,3408651,Medium,19,61,1
318,39,126816,12155,26028,5.261924999,76814,707772,409071,40121,41296,384285,88838,4392,122308,26041,199201,323302,991847,1411253,Medium,28,91,0
319,55,104673,44943,21521,16.28254207,60202,88057,293262,156703,114491,583829,277366,61456,249539,15577,979101,499016,876060,3811493,Low,8,69,1
320,46,128009,33557,10221,24.42787717,26939,63765,181154,152557,131946,539623,120354,76924,93430,23202,55327,392455,606143,2011385,Medium,14,91,2
321,54,179508,39555,13782,6.057611976,72299,996537,339451,489468,197408,111108,124886,120596,283219,8632,938383,478087,819282,1210793,High,15,52,0
322,53,152958,22944,7275,6.332822321,89409,906569,314947,160533,43351,457058,34619,9574,70746,9879,586648,136365,707150,2979662,Medium,20,21,1
323,56,148317,8144,6647,21.63596825,58903,900221,292917,137175,230766,253458,78123,90216,2499,28555,695473,204052,579392,1166608,Medium,19,47,0
324,60,111903,42885,13082,17.4562676,78729,236003,234238,151505,167860,568336,103507,168872,211984,10523,23878,428922,969631,3906993,High,4,53,1
325,40,190575,22441,23878,10.60069667,44917,574561,279141,387420,68174,501325,78281,180229,230166,28031,54143,151021,827661,4685401,Low,9,62,3
326,64,131140,47441,12279,15.24993144,87479,687636,161633,214735,89715,411431,194675,10494,294212,17682,741110,212195,686210,3425198,Low,25,100,1
327,40,116143,14856,19127,16.9066443,35430,69903,192055,11222,102782,967487,72004,116844,254453,23017,349357,213345,556378,1556419,High,4,73,0
328,37,91440,27740,10943,23.16057074,125198,97797,447831,928,194189,546103,117020,139181,210178,28011,147960,180843,894344,4167540,Low,7,83,3
329,69,36055,11010,26192,21.87462528,34612,829951,445703,326530,269152,556145,191021,140474,211900,3823,227509,137752,601559,2075585,High,14,69,2
330,55,100535,49635,5666,12.26519462,11771,287820,493111,18482,227997,444253,299076,62188,181857,21255,810060,252303,684416,2993175,High,22,70,1
331,51,32404,13582,10211,17.98280381,128377,986550,19516,44802,149123,318840,36426,72088,140716,6208,957620,203358,584939,2094246,Low,5,83,2
332,52,159479,5793,19129,29.07502452,48784,489091,278776,107588,20695,403540,221056,190222,296938,3026,13495,386799,678217,1913073,High,14,84,2
333,51,43124,36384,10410,11.9859025,129625,502868,104000,362055,88937,824758,35878,191831,23739,7114,395435,427582,923207,2946395,High,3,51,1
334,31,192331,7101,16989,11.30505662,105970,297107,231177,123958,257808,365246,234586,176588,248408,26043,338326,402299,617814,3335819,High,8,76,1
335,45,192744,36240,8999,5.259261793,12347,938207,239599,442083,237543,207578,30867,8813,7576,11663,220656,372784,910073,3627176,Medium,1,22,1
336,64,39074,27944,15730,16.91321772,24395,922815,32537,408907,141806,973630,271481,89375,96073,8037,480363,202691,641766,3171568,Medium,18,68,1
337,48,75682,31336,15257,5.931502376,124108,729712,104952,492075,190615,547667,30277,3612,223876,22145,772966,315812,520262,3977150,High,15,87,1
338,67,72374,29876,4077,21.30550534,16224,144981,121001,12703,295156,773273,91439,5416,175831,12481,454387,324653,526673,1614913,High,3,73,0
339,66,54371,30832,26414,12.65977202,14648,987915,41367,57177,201766,552818,179957,105320,297424,26119,847408,201964,892588,2336311,High,21,46,2
340,27,178060,9304,18383,20.29450639,146523,966905,331994,111031,212699,76399,24795,145555,68493,10680,112895,173807,506943,3755043,High,9,61,1
341,38,144904,10389,25704,12.33487325,119367,95219,429974,322754,16619,348454,193846,157276,291233,15364,959081,276193,621758,3905628,Medium,16,30,1
342,57,90688,46701,2602,6.555712943,81753,60499,230294,116419,81657,863108,73633,45679,295908,29554,651887,387404,543625,2275219,Medium,12,100,2
343,45,124065,44366,2285,21.29222149,145730,252440,33029,365252,18258,952221,142505,102579,57703,20160,754678,418636,915180,2482145,Low,19,77,2
344,31,154535,46560,28754,12.84346315,99292,668664,431578,231232,174714,875052,71236,186102,273770,9378,470734,192366,779286,4492887,Medium,3,34,3
345,43,25746,35641,5091,22.99425476,101381,739173,493836,343040,142383,462859,296018,127394,283333,3464,368595,263478,971944,3624216,Low,20,30,1
346,22,94550,21335,27397,13.91560554,45514,568079,469285,439015,49810,518497,105726,176284,86527,27869,1172,276745,887274,1737110,High,9,85,0
347,53,62302,12858,24226,15.84408208,45930,887547,465073,298858,210718,680369,183412,18928,295805,28347,623245,200712,641911,4830436,Medium,8,42,3
348,23,31444,28469,7116,8.192477498,33913,311445,85418,321636,183295,994624,16963,126847,822,27070,632996,404146,688416,2039122,Low,26,25,2
349,58,27379,14155,14871,25.1850373,90948,988754,130341,311958,105174,935577,229999,198292,289308,28310,765709,444198,818177,2177040,Medium,7,7,2
350,38,122317,39291,21633,18.11573107,72088,574252,94850,104165,85585,838163,84904,48836,77498,23917,763177,365294,982861,4215704,Low,16,17,3
351,55,134502,24953,17506,7.461928411,64478,138347,300171,389485,237758,959454,246594,107273,284113,24687,225484,246394,922305,4095460,Medium,7,33,3
352,69,62559,37573,15797,19.29777601,107879,145218,35266,81197,290261,140863,48798,82909,84356,24264,40226,343915,512678,1358204,Medium,28,23,0
353,50,104911,15220,16147,28.15517577,89256,781129,155870,23417,230201,873860,260356,134502,229464,3961,904312,161610,644177,3776816,Low,19,89,1
354,46,77790,24458,13797,10.28810804,140012,530033,331815,126103,103473,228880,186198,96957,241431,6774,919830,186073,760125,1266249,Medium,15,49,0
355,63,159003,20834,14590,8.23974847,13667,82494,458632,173329,237378,927997,60233,17002,60175,24599,745790,436135,698381,2880587,Low,22,100,2
356,61,41720,9596,21691,22.43906092,80598,365101,497836,343920,82320,727158,83644,155518,86849,2845,664768,166498,838393,3550221,High,1,30,1
357,46,67197,26198,22178,20.51390223,49830,408484,468264,95058,86501,924864,12389,109732,289174,18526,787389,347557,527411,2766498,Medium,12,13,2
358,67,125387,22310,13073,17.98954801,121859,394790,242802,494340,292478,799935,277819,84352,68454,9554,833141,123823,537096,2424427,Low,28,49,2
359,59,92797,18047,21027,18.7455933,34136,648285,300277,230513,270179,434356,26756,147154,184637,26253,4719,102018,860822,1101665,High,16,97,0
360,39,133576,44944,19007,6.350469297,93048,636914,415754,495858,234402,911391,259265,59932,28075,28915,603976,481976,992389,4032414,Low,7,60,3
361,22,196056,48664,17692,26.10591369,71376,348279,367878,329278,153978,189703,182256,53555,43461,9890,847992,253721,536404,1360176,Medium,27,55,0
362,57,159636,28267,28189,17.66336642,110225,618828,246539,144679,109703,643018,168954,118617,29158,23235,894658,301722,668785,1098697,High,4,16,0
363,46,63810,16465,26771,20.2599835,14451,946689,218458,342420,87481,45246,107053,18870,151062,2211,986178,470734,737902,4263656,Low,7,45,3
364,62,74225,14423,14632,16.2974726,100924,177784,142417,310054,176340,597329,184078,67925,293974,7092,680065,383990,837862,4519089,Medium,11,15,3
365,40,41545,13972,9990,10.54430368,134989,516545,287635,369191,38682,143890,69799,62212,255409,24163,215925,171520,866804,4745451,Low,29,48,3
366,38,106538,25369,17381,7.828317317,147758,355944,140175,489826,172544,80571,275186,59339,15128,422,938668,386787,657306,4898312,Medium,21,6,3
367,41,51129,35137,22239,25.76062212,108715,377886,134598,165301,105921,360667,114938,97325,266841,14055,638708,417603,719502,4796536,Low,5,24,3
368,67,134439,6654,24657,18.85733171,113410,215991,13717,404865,23785,35365,143791,57998,37822,25156,169372,135441,915329,3168059,High,17,23,1
369,32,104705,28076,24499,19.32457519,10155,893592,832,271458,195402,865819,33902,154369,289418,12790,591475,266249,666763,3647740,Low,2,25,1
370,43,122731,21186,11352,20.84563611,67180,886019,132277,73619,210141,603063,173243,101666,72291,6057,78874,485498,778065,1829543,Medium,22,46,2
371,51,166153,22494,16812,10.29852208,70563,643477,158786,475603,76137,366918,91924,98891,13708,28193,838412,446947,955255,2818151,Low,6,16,2
372,25,127621,25862,9305,16.3372151,76245,177307,285854,463802,83851,617323,258615,14200,68908,21708,195658,246269,553025,2991705,Low,3,18,1
373,69,188084,43447,27559,19.25936317,113416,397514,486212,346700,114128,651218,196605,31364,216609,29653,283206,464510,899326,1753985,Low,29,93,0
374,69,67362,40056,12543,22.58495532,127795,960540,489678,84873,98674,412915,110779,124331,138250,24904,544267,141822,714613,4649995,Low,11,80,3
375,35,109446,34635,27806,25.82116085,144001,772271,82582,381707,105454,716177,96890,121533,107800,28921,398804,411731,760257,3103788,Low,12,26,1
376,34,153621,26979,12493,17.38526144,60401,941288,259481,1279,76646,676194,293558,175673,194039,21556,715798,400391,814267,4138270,Low,15,44,3
377,53,113963,29801,25891,24.95941202,114019,885663,65493,433745,105395,851752,180635,32038,218602,14826,675121,223839,924704,2261536,Low,8,70,2
378,24,162115,26923,25809,19.48673826,63765,363441,177103,79409,293369,799544,238211,3568,127469,28302,317301,481687,966379,4239695,Medium,17,28,3
379,38,130945,36167,9623,21.08959713,74403,243771,452687,299186,41669,350617,152605,13504,942,24355,69565,484896,530437,1706420,High,7,60,0
380,68,157824,7925,11374,19.94599415,70225,264902,32954,328159,291094,971769,255690,157779,79725,10106,857837,157909,794172,3810205,Medium,23,45,1
381,20,58518,6879,5442,15.27326649,90117,896353,221885,252771,294616,707656,237444,100200,206462,12755,270952,168845,890315,1835279,Medium,22,32,2
382,55,154052,8247,16236,28.29296322,89220,616615,438325,488773,160816,468412,17152,43794,78950,26097,872185,332712,578522,1269849,High,3,77,0
383,69,128051,41119,17005,9.559634747,54229,237188,400951,410635,30830,906037,114665,188404,248102,26532,754866,455030,845154,2020307,High,13,69,2
384,52,135035,14047,19503,17.22808712,32125,943623,13587,383356,20255,297800,150553,109545,86943,11447,949816,273309,792391,2114527,High,17,17,2
385,63,92245,5851,5286,23.86478043,103110,118869,473817,405729,199850,578370,267549,76648,290398,20996,447521,323363,988275,4731605,High,9,33,3
386,50,89321,25171,3316,25.69189107,137428,356776,25548,233376,255273,861968,76253,100485,190768,7977,932527,126381,955205,2054557,High,24,3,2
387,42,44177,11319,5863,5.661912911,30135,169750,96724,425788,217374,611613,61263,78150,226048,10887,880180,312163,956479,4611884,Medium,3,7,3
388,33,25932,23229,21086,26.69831518,97607,965304,338462,53339,88197,392274,63584,120022,244578,14149,730529,262308,929567,3714106,Medium,9,68,1
389,36,72298,32989,3785,21.98425476,50587,894591,457008,272661,15757,720668,245616,5423,192783,25253,751548,471233,877773,3045799,Low,6,26,1
390,45,149357,32004,6234,25.07404616,138896,724154,12781,131342,5924,639022,98693,6195,298206,7875,837638,383768,870410,3570542,Medium,19,66,1
391,59,129529,44782,10464,7.548147639,124054,937621,340700,224996,290088,871615,138279,2730,151143,13200,593555,337349,921597,4226051,High,24,81,3
392,43,80684,45320,14606,23.07817537,115514,789839,214492,240312,231163,848139,71399,99956,295102,10572,744761,360330,998363,4978774,High,27,27,3
393,48,127517,45231,29822,10.87478076,119733,475677,309252,113252,236471,9076,108702,22269,150418,14843,63519,490470,593706,3689301,Low,25,99,1
394,22,106435,28521,5227,6.862502516,149007,672844,13586,356234,47458,653645,273136,16377,276771,21261,699610,451937,718416,3986197,Low,6,2,3
395,48,28139,23077,27346,17.84060782,144710,446592,306215,468809,214849,460614,175452,83905,7473,11227,752514,363363,634643,1316133,Low,15,74,0
396,37,134335,7802,22420,21.5056196,70400,216178,73066,270199,61985,140742,229590,93719,186331,27283,522022,343579,825120,1455999,Low,15,93,0
397,54,40854,44672,27658,27.74215434,55486,575203,496674,374601,294566,376800,69786,1636,68952,29154,377138,292261,707527,4992932,Low,15,17,3
398,50,51478,25343,9003,20.2895424,69435,209453,80604,336290,139262,891707,87466,39614,225741,4867,633774,356766,880154,3827784,High,24,43,1
399,57,86788,44505,11847,18.39537034,20410,638976,423296,106553,271059,885970,7369,26291,72726,8293,380501,166028,992951,3788134,Medium,23,5,1
400,63,47789,34772,18191,28.03646768,91472,139297,434353,121469,73699,48791,98544,125896,50114,23842,38596,346238,504686,2048563,Medium,7,3,2
401,44,160538,40622,28114,11.92903097,79276,525997,307350,414644,107080,724737,60273,111095,99967,28695,431989,295818,751618,1738415,Low,6,73,0
402,48,37392,34175,29036,19.3850982,30436,327675,261227,216870,75183,788756,41639,84056,64196,26067,10840,282063,662590,4035983,High,9,27,3
403,53,28225,40347,9648,17.97844688,97642,375643,428428,432934,10980,435248,149258,53954,154272,20443,123060,449474,594780,1106520,Medium,2,73,0
404,64,185958,49367,18880,22.37695813,122650,863074,42837,395072,19011,687971,283981,98309,240055,11004,24620,494820,913865,2415932,Medium,20,85,2
405,54,40475,36323,18638,9.4214156,94638,741812,207468,279658,259274,984855,193859,72044,132408,14940,737896,246291,822323,1944014,Low,19,47,2
406,56,145755,39401,26880,24.33675134,133335,517067,448306,426949,12421,338018,107116,126242,24873,25825,285601,163143,584018,1965898,Low,8,51,2
407,32,81761,28645,13087,22.53526117,20788,104073,19620,422431,104614,163805,228976,48131,77190,25671,381846,423752,675723,2445980,High,24,47,2
408,48,123310,43851,25345,9.927426628,21336,937310,365829,419037,266447,545634,177496,193378,195241,3,594180,103786,963350,3583434,High,4,76,1
409,25,93668,5800,17048,29.60595913,64804,633909,261872,490624,87440,231855,115197,195977,166945,9476,983846,348403,690210,1463107,Medium,20,69,0
410,48,87138,43203,13156,29.931024,21355,646207,472691,26874,33102,294568,225587,101124,88850,28746,430162,150999,667041,3858731,Low,18,77,1
411,50,194938,33593,6899,27.87588943,149848,764526,262334,299777,154435,653304,292119,41555,91039,696,250522,194431,759317,4821325,Low,24,61,3
412,56,39243,11513,27781,21.34216465,131671,914577,376319,277495,28764,775873,264793,22131,255616,10602,551452,224409,571959,4257011,Low,7,69,3
413,27,20157,34215,22909,19.0284376,107669,930355,164714,489074,235432,22739,37496,165826,269519,6176,468849,274398,865940,1972903,Medium,27,64,2
414,48,85109,37203,14323,19.50854326,45394,152512,308008,47450,261385,986694,50132,119148,96993,3801,412186,480253,957548,3434519,Low,16,89,1
415,52,99789,19738,18109,26.98283828,49655,778398,411420,79662,80807,591565,200445,162789,111503,4592,489460,269192,896217,2564462,Medium,16,39,2
416,20,64960,15128,12081,16.19838564,34987,67472,357684,348454,212644,545690,243276,113691,81256,2523,174240,126117,900515,2184320,High,29,61,2
417,29,149238,20317,9699,14.35977115,130913,463073,242588,127131,65701,769115,252298,92015,20662,4578,50795,261956,503805,2234746,Low,16,65,2
418,56,193546,29119,7122,15.38402073,145179,444355,170993,217944,63351,914624,130782,63340,33412,11094,755397,228789,812282,2379089,Low,4,13,2
419,42,125400,16549,16338,25.48672119,39839,656714,474401,295213,36259,411689,146522,18775,128340,3456,38406,172881,576290,1788076,Medium,26,33,0
420,51,44290,45396,27461,27.22523534,49237,556751,393335,140716,196057,134871,154656,116122,220016,6631,598638,299245,649060,3187314,Low,8,59,1
421,67,89426,48288,21668,19.56412374,25552,902182,127260,239303,195570,480299,91436,164701,181078,26727,68333,257442,922026,1194096,Medium,25,34,0
422,41,83102,14858,3213,17.20546865,61378,877659,454382,398748,247176,972973,257338,171129,128336,28051,608250,168295,523596,3171510,Medium,30,87,1
423,54,188452,25336,10125,10.83518764,98049,661452,86359,160865,97721,759709,293980,28868,102824,15326,912297,210155,872503,1145631,High,7,100,0
424,62,191061,39962,6221,24.1315338,41001,212713,228293,69412,125811,913079,164005,39960,35072,3605,820817,245553,534470,4438569,Low,8,86,3
425,44,97855,7040,7225,17.32500499,99639,632492,462938,311677,110610,961071,100621,22672,143272,10136,246255,150744,933854,4074474,High,26,100,3
426,50,53834,17745,25546,8.215572546,98771,147088,110579,280279,188614,223883,149406,120389,240656,21280,311611,252217,865519,3253844,High,30,17,1
427,38,147277,6142,7670,19.06210021,14103,864496,157312,229718,236438,153330,76138,162935,252805,12810,557755,432964,738900,4379410,Medium,8,78,3
428,57,77120,33506,6883,21.05469234,125625,218231,347878,435646,50493,474214,196050,99640,284136,2046,640222,416693,829644,4867080,Medium,12,30,3
429,44,99025,37874,24662,24.8206606,19045,855274,357762,258078,100363,187514,98646,178580,16922,18538,697148,333167,858584,1546422,High,23,25,0
430,69,34066,42397,28013,20.76884305,87779,581098,12435,134155,270083,709704,178330,157254,133506,4449,638725,443348,897233,1174113,Low,15,11,0
431,20,22991,15124,23828,23.18923658,114207,540142,281410,482985,144916,904579,13522,76593,123542,9845,817743,439702,517587,1088023,High,17,1,0
432,33,47641,22299,13626,22.65830365,124631,436262,119091,10210,142959,55051,532,102460,14481,16064,75833,301271,587205,2597634,Low,2,65,2
433,25,140922,41967,5641,6.847731148,128758,257659,230790,255412,247218,168383,39960,115035,279497,22483,568580,137044,725242,4106315,High,28,5,3
434,31,57406,22812,4557,19.67147747,39606,769194,427334,400335,253117,145208,144400,155360,237443,5549,817666,356992,588716,4568457,Low,5,40,3
435,43,157930,31688,18216,10.11258587,37848,704883,121825,66515,108642,850990,74589,191853,248900,23513,450770,284926,884776,1731738,Medium,4,74,0
436,69,154647,13726,24987,27.70202422,143421,265235,130471,405085,55287,630850,53131,149171,140981,13012,801166,187287,864957,4236975,Medium,14,5,3
437,20,134601,11592,29842,18.21779386,147844,259119,176720,438401,57992,133083,178849,121298,237034,7960,517559,330806,838200,1279978,Low,16,37,0
438,27,188419,24343,12235,16.90053254,136770,191385,61056,47782,177745,504225,297241,30724,287941,10719,543687,173499,623327,2856276,Medium,27,75,2
439,57,183092,29580,18144,16.7377874,119711,521369,119167,289163,138524,925801,74515,66414,212980,19248,153834,116404,681163,2172779,Medium,22,27,2
440,53,65345,37836,5893,15.46039543,63891,398190,100765,439856,252884,462515,184875,33915,268106,14746,834935,328127,971019,4637017,High,15,37,3
441,22,93209,30088,7739,10.2551527,125253,217784,251945,467205,170661,238710,174047,168472,8731,8032,612065,440236,989724,4900593,Medium,26,25,3
442,61,99817,44566,25654,7.242539588,39617,316675,449799,383700,272310,843856,45961,24266,173190,21702,121658,466339,914525,3593738,Medium,12,4,1
443,56,185985,15929,11228,24.26541127,76685,67415,398052,12954,159851,371178,67705,121619,150826,2806,553717,312456,657797,2437667,Low,28,70,2
444,54,105392,33529,9717,7.743332406,94226,402888,323280,437838,116237,226259,274844,346,276976,27796,59013,387464,683824,3438470,Low,13,28,1
445,50,84237,15003,26420,24.730917,66313,879654,194783,261289,119349,97059,40859,12925,221858,14302,132086,146120,548547,2510359,Medium,14,74,2
446,48,144981,10077,4074,24.33412484,118201,62657,67941,257382,214649,494693,101515,106935,275890,8506,444066,458485,771118,1908652,Low,18,81,2
447,62,100426,27115,27662,18.79658221,84394,954005,245001,49588,200947,668453,147871,125314,86425,12520,632098,342778,839535,2260964,Low,5,71,2
448,34,96120,6186,11771,22.14388121,53254,277146,80322,488875,230067,209055,112089,133455,211198,26619,509269,114524,957425,4920127,Low,1,4,3
449,26,119581,45855,5700,20.38360829,11049,443396,457128,132106,63195,118448,68294,28705,252311,17914,393463,488274,626231,1456359,Low,26,81,0
450,63,176562,41605,28156,27.35304158,67437,441849,62064,220286,8436,162404,86582,31338,95677,2513,923893,118003,661687,4422525,Low,4,62,3
451,41,120317,30064,24409,25.98836255,38082,542767,294447,450763,64164,159835,298346,14325,235910,6546,364600,358248,637845,1916343,Low,19,67,2
452,59,50962,12644,22198,8.61716618,90568,951242,88513,306093,165729,294519,91323,22510,142693,27247,645928,474626,772446,4424851,Low,23,62,3
453,63,177166,47232,10011,28.48495087,140124,314336,79054,98849,278071,797153,231242,69993,145437,20361,443009,402442,972060,2071147,Low,5,48,2
454,20,34049,13785,26354,26.37594949,58206,984734,125356,477768,262020,473291,71391,172679,166896,23049,677674,207603,806666,2753807,Low,2,28,2
455,55,112351,22755,16542,24.96335839,18078,748242,231338,499309,22318,42039,161484,87567,206729,29293,979577,456994,766720,2181128,High,7,19,2
456,69,179324,6279,19352,6.435589453,104895,287794,37553,459711,32359,276231,39630,4368,144427,9202,105125,199013,552981,3780693,Low,25,15,1
457,60,134462,9060,21716,6.489255231,148603,319219,182603,450046,210131,725208,112701,199040,95987,17997,80178,380585,871712,4894815,Low,15,3,3
458,20,35169,47960,2299,18.74766863,70956,569341,93192,290584,241847,211595,116496,116691,172514,17072,902912,120110,679068,3434170,High,14,96,1
459,61,122609,49072,24874,9.457840244,130283,930815,38609,32390,111079,420223,209711,193381,45421,21828,109487,409189,551876,1047704,High,21,4,0
460,27,24656,30562,15337,7.165753772,91790,676412,2763,43930,121026,332636,265306,177818,60744,22342,664912,473813,751537,1533871,Medium,2,66,0
461,27,153052,21810,25824,14.08247299,79368,82258,162572,303850,242683,164209,227980,27068,15549,6006,571729,422109,790623,3004252,Low,22,88,1
462,45,103169,36823,22006,26.21955471,12910,768342,191294,228283,149015,502698,121364,92735,70048,25307,566241,354652,868182,2447181,Low,19,40,2
463,57,64686,32851,16530,7.204559323,143043,94721,437600,412161,76707,259545,35100,106516,161885,6194,559718,272403,856910,1053698,High,20,38,0
464,63,47285,40070,27188,6.206859957,146806,867124,57194,266120,125839,28247,240365,132045,273819,11079,518236,226960,829290,2076051,Low,27,12,2
465,51,77371,29618,19666,20.4592806,79650,872576,123150,490036,24414,464224,267322,87322,137478,21894,345533,237842,956734,3191977,Medium,2,48,1
466,68,23958,13278,17436,23.73847864,20415,779317,416511,385754,51050,396233,198785,186434,258341,26267,94563,311026,647563,1884273,Low,13,89,2
467,22,94301,7552,5292,21.95581886,33506,188820,365358,343778,269167,626427,214643,121616,100978,2098,940428,276740,515272,3295985,High,18,49,1
468,53,106231,35779,29958,25.47076266,91301,136574,370146,425891,249041,606009,41075,61082,214135,20053,655269,312308,688368,4564721,Medium,1,30,3
469,52,92029,22133,9224,22.83022333,19999,283928,276206,419947,230028,591169,115579,197965,144070,2753,106862,244780,979279,2313320,Medium,26,73,2
470,41,138655,40004,11312,12.35743702,68559,620091,188894,207306,138401,806673,86946,24717,200384,19906,892601,285392,505150,3367806,High,1,91,1
471,24,32093,7572,14870,8.176456517,13063,539742,84626,324788,36834,195693,33392,136342,256123,16047,525990,217368,613436,2288490,Medium,9,0,2
472,23,166134,5208,28985,6.016352862,73469,343162,412271,205888,173492,150952,227793,48139,58498,10752,485631,105275,898155,1567503,Low,2,94,0
473,65,64818,29520,8916,28.76990848,15210,672168,156238,153237,58159,95642,231093,172735,217800,4144,363682,478623,952817,4504314,Low,5,7,3
474,25,83702,21674,10254,6.640979954,54900,668690,468048,62786,27821,144134,84528,139797,54244,3651,986831,168973,599998,1442058,Medium,21,94,0
475,35,132369,39540,20579,26.08006907,10788,56132,288033,229632,257690,242424,276128,106209,218786,784,941510,361882,635798,1191394,Medium,4,14,0
476,70,140720,14975,6624,20.34491716,124968,118357,124362,411863,98583,609294,190790,186528,129668,14326,929778,110363,767576,1862115,High,6,79,2
477,27,174595,36464,23275,25.85487746,67040,819098,457127,188052,171319,61720,209535,29531,148009,19927,180329,331738,739365,1047237,High,7,87,0
478,47,23945,38539,25907,10.71946427,55369,138383,162888,436411,137606,425560,231854,39499,153868,21162,586749,453867,761558,3225091,High,17,99,1
479,53,183002,32698,20588,10.57286824,133304,991100,194648,8762,98526,328667,213738,22392,226394,11785,265236,200487,822888,1216356,Medium,21,69,0
480,46,101833,33372,25098,26.10222019,100678,323595,283180,462865,148646,288324,280249,25923,236755,28039,307994,249154,561461,3386556,Low,23,8,1
481,37,134487,29827,10046,10.68857656,39835,103824,117378,408760,291902,373165,115347,126405,51215,24449,104328,493627,860396,1674946,High,12,27,0
482,60,167638,10566,24893,25.64845638,93648,675721,91841,379838,202197,666623,107663,86264,153033,12161,763511,496205,741240,1331423,Medium,8,39,0
483,47,35790,24859,16519,8.547026697,57207,973809,391412,429438,244514,125473,121779,144748,235937,11068,895789,300533,998752,3874638,High,7,30,1
484,66,154678,24809,3893,24.19596068,37581,692210,124443,272115,255545,966837,149656,35786,202384,18957,748691,346799,613450,4242725,High,4,15,3
485,39,187544,46998,17843,13.11880492,10832,624217,358628,429464,128129,842075,282736,182296,124217,9949,9136,289788,711878,2145137,Medium,6,100,2
486,23,176375,15131,26026,24.05720659,129771,188461,138390,186919,220036,443343,198926,36672,217437,6265,655342,113269,878391,3636864,Medium,14,36,1
487,35,167641,18147,26609,16.22115839,24797,214375,129034,121545,68496,591496,74572,47416,257126,10780,847776,368136,524657,4208602,Low,29,60,3
488,55,161658,18284,24933,24.20977747,76304,634017,431896,28504,217506,78328,86441,73106,185628,26017,989915,241340,830105,1468551,Medium,20,42,0
489,52,134640,24440,18213,27.7331632,35483,601499,466167,454886,93948,721769,205336,11961,58385,11951,196858,404056,719085,4555549,High,26,39,3
490,57,50589,31558,5261,26.15586485,13754,692489,378071,310918,143318,582091,93917,148439,215142,24120,391085,355252,748531,2927859,High,13,71,1
491,32,196149,48611,10762,8.420654336,31193,602460,95831,323970,259355,982014,17405,80328,293714,15814,626331,368601,607387,4382180,High,23,32,3
492,60,144907,29612,20687,26.46403243,48089,219439,111523,10489,27415,557530,187140,21588,74574,11041,688883,310482,728320,1593629,High,19,17,0
493,57,71789,26111,27886,12.16123567,74131,878077,450555,371633,66271,204427,147960,81314,214434,407,552131,235894,546552,1686875,Medium,16,77,0
494,46,120945,8362,25756,14.87644727,43409,953427,257068,6604,81737,895764,34469,51490,53160,1008,366065,156129,850881,4047008,Medium,2,35,3
495,53,197196,10188,20876,24.17913857,116249,549148,195189,347084,272801,184023,250286,73770,287042,24583,805301,284991,517131,1678192,Low,19,74,0
496,66,133193,48008,16722,15.63205926,73725,800441,394915,232208,61782,160050,22303,38231,201714,13313,519397,452701,973529,4776201,Medium,7,58,3
497,24,168798,49120,13337,8.828669716,79972,541628,389194,288141,284781,460229,253390,152223,199677,20774,692905,119805,563567,1626025,Low,5,74,0
498,62,60035,11738,13355,29.31894317,50354,566543,150420,111137,227760,266752,155195,125666,235701,8753,857509,215602,757828,1743542,Medium,5,77,0
499,58,37058,10099,9968,9.87584584,56018,683825,128393,427218,294737,727406,232031,81055,95745,12437,162586,344409,995718,4843128,Low,15,21,3
500,37,73238,13271,10500,26.72931239,48073,309948,23103,85365,235044,158424,42471,60401,52972,8701,407496,316941,985337,4364699,Medium,27,87,3
